"","Title","Price","Rating","Review_Count"
"1","Soundcore Anker Life Q20 Hybrid Active Noise Cancelling Headphones, Wireless Over Ear Bluetooth Headphones, 70H Playtime, Hi-Res Audio, Deep Bass, Memory Foam Ear Cups, Travel, Office, USB-C Charging",39.98,4.5,87414
"2","Picun Solo6 Wireless Bluetooth Headphones, 5EQ Music Mode, On-Ear Headphone with Built-in Microphone, Foldable Headset with 140H Battery Life, App Control for Girls, Home, School, Travel (Khaki)",21.99,4.5,65
"3","Skullcandy Crusher Evo Wireless Bluetooth Headphones with Multi-Sensory Bass, Noise Isolating Over-Ear Fit, Up to 40 Hours Battery, Microphone for iPhone Android - Asphalt",129.88,4.7,4046
"4","Skullcandy Crusher Evo Wireless Bluetooth Headphones with Multi-Sensory Bass, Noise Isolating Over-Ear Fit, Up to 40 Hours Battery, Microphone for iPhone Android - Asphalt",129.88,4.7,4046
"5","Skullcandy Hesh ANC Wireless Over-Ear Bluetooth Headphones with Charging Cable, Active Noise Cancelling, Up to 22 Hrs Battery, Foldable Lightweight Design, Microphone for iPhone Android - Mod White",79.88,4.4,1910
"6","Yealink UH34 USB Headset with Mic,Stereo Wired Headphones with Noise Cancelling Microphone,Teams Certified,Professional Work Headphones for VoIP Phone PC Computer Call Center Office",44.99,4.2,525
"7","Skullcandy Crusher ANC 2 Wireless Over-Ear Bluetooth Headphones with Multi-Sensory Bass, Active Noise Cancelling, Up to 60 Hours Battery, Microphone for iPhone Android - Black/Asphalt",179.99,4.6,1748
"8","JLab Go Pop+ True Wireless Bluetooth Earbuds & Charging Case - White, App Support, Dual Connect, IPX4 Sweat Resistance, Bluetooth 5 Connection, 3 EQ Sound Settings Signature, Balanced, Bass Boost",24.99,4.3,5967
"9","Sony MDR7506 Professional Large Diaphragm Headphone",98,4.7,26763
"10","soundcore Life Q30 by Anker, Hybrid Active Noise Cancelling Headphones with Multiple Modes, Hi-Res Sound, Custom EQ via App, 50H Playtime, Comfortable Fit, Bluetooth, Multipoint Connection",55.99,4.4,83668
"11","Logitech G733 Lightspeed Wireless Gaming Headset, Suspension Headband, Lightsync RGB, Blue VO!CE Mic, PRO-G Audio – Black, Gaming Headset Wireless, PC, PS5, PS4, Switch Compatible",127.9,4.4,17770
"12","JBL Tune 520BT - Wireless On-Ear Headphones, Up to 57H Battery Life and Speed Charge, Lightweight, Comfortable and Foldable Design, Hands-Free Calls with Voice Aware (Purple)",49.95,4.6,5843
"13","USB C Headphones for Samsung Galaxy S24 S23 Ultra S22 S21 FE S20 A54 A53 USB C Earphones with Mic Volume Control Wired Earbuds USB Type C Headphones for iPhone 16 15 Pro Max Plus iPad Pro Pixel 8 7 6a",15.99,4.2,3396
"14","Avantree C171 - USB-C Wired Earbuds with Microphone & Volume Controls, Compatible with New iPhone 15 & 16, Samsung, Google & Android Type C Phones Headphones with Ear Hook for Running & Sports",22.99,4.2,3489
"15","Sony WI-C100 Wireless in-Ear Bluetooth Headphones with Built-in Microphone, Black",33,4.2,11447
"16","JBL Tune 770NC - Adaptive Noise Cancelling with Smart Ambient Wireless Over-Ear Headphones, Bluetooth 5.3, Up to 70H Battery Life with Speed Charge, Lightweight (Black) (Renewed)",66.93,4.4,105
"17","Audio-Technica ATH-M40x Professional Studio Monitor Headphone, Black (AUD ATHM40X)",109,4.6,16055
"18","JBL Tune 720BT - Wireless Over-Ear Headphones with JBL Pure Bass Sound, Bluetooth 5.3, Up to 76H Battery Life and Speed Charge, Lightweight, Comfortable and Foldable Design (Black)",79.95,4.5,5555
"19","AI Language Translation Earbuds, Bluetooth 5.4 Headphones Translator for 168 Languages & Accents, LCD Touch Screen Real-Time Earphones Fit iOS and Android Ideal for Travel Business Learning,Deep Blue",99.99,5,122
"20","AI Language Translation Earbuds, Bluetooth 5.4 Headphones Translator for 168 Languages & Accents, LCD Touch Screen Real-Time Earphones Fit iOS and Android Ideal for Travel Business Learning,Deep Blue",99.99,5,122
"21","Premium Classroom Headphone & Mic Set 3.5mm Jack Stereo Sound Earphones with Microphone & Soft Swivel On Ear Pads- Perfect for E-Learning, Meetings, Calls - Bulk Pack of 5 (Black)",36.07,4.5,1151
"22","Yealink UH34 USB Headset with Mic,Stereo Wired Headphones with Noise Cancelling Microphone,Teams Certified,Professional Work Headphones for VoIP Phone PC Computer Call Center Office",44.99,4.2,525
"23","Kids Headphones for School Bulk Set 5-Pack On-Ear, 3.5mm, Wired Headphones for Schools & Libraries – Adjustable, Cushioned Wired Kids, (Mixed Colors)",29.75,4.4,1661
"24","Open Ear Sport Headphones, Wireless Bone Conduction Earphones, Built-in 32GB MP3,with Mic, IP68, Sweat & Water Resistant, Up to 8 Hours Battery, Bluetooth 5.3,for Running,Workouts",79.99,4.3,955
"25","POLY HP Voyager Legend 30 - Bluetooth Monaural Headset - Discreet Boom & 4 Noise-Canceling Mics, WindSmart Technology, All-Day Comfort, Seamless Connectivity, Smart Sensors & Call Controls, Black",87.99,4.8,5
"26","Barks Classroom Headphones With Microphone (10 Pack) - On-Ear Bulk Headphones With Microphone: Best for Students K-12 Schools (Rotating Boom Mic, Good Recording Quality, Durable Design, Easy-to-Clean)",109.97,4.5,62
"27","USB C Headphones for iPhone 16 15 Pro Max Plus iPad Pro USB C Earphones with Microphone Volume Control USB C Wired Earbuds USB Type C Earphone for Google Pixel 8 7 6A 5 Samsung S24 S23 S22 S21 S20 A55",14.99,4.3,5408
"28","JBL Tune 720BT - Wireless Over-Ear Headphones with JBL Pure Bass Sound, Bluetooth 5.3, Up to 76H Battery Life and Speed Charge, Lightweight, Comfortable and Foldable Design (Black)",79.95,4.5,5555
"29","DOQAUS Over Ear Bluetooth Headphones Wireless, 90H Playtime, BT 5.4, 9 EQ Modes, HiFi Deep Bass, Movie & Sleep Mode, White Noises w/App Control, Memory Foam Cups for Travel, Gym, Workout, PC, Phone",19.99,4.4,7336
"30","KVIDIO Bluetooth Headphones Over Ear, 65 Hours Playtime Wireless Headphones with Microphone, Foldable Lightweight Headset with Deep Bass, HiFi Stereo Sound Low Latency for Travel Work Cellphone",18.84,4.5,27815
"31","KVIDIO Bluetooth Headphones Over Ear, 65 Hours Playtime Wireless Headphones with Microphone, Foldable Lightweight Headset with Deep Bass, HiFi Stereo Sound Low Latency for Travel Work Cellphone",18.84,4.5,27815
"32","Wireless Earbuds Bluetooth 5.4 Headphones 75H Stereo Deep Bass Sports Over Ear Buds with Earhooks, LED Display Bluetooth Earbuds with 4 ENC Mic, IP7 Waterproof Earphone for Running, Black",21.59,4.7,578
"33","Boean Bluetooth Headphones, IPX7 Waterproof Wireless Headphones 16H Playtime Earphones Wireless Earbuds Stereo Sound Isolation Headsets for Sports, Gym, Workout",19.99,4.7,33
"34","bmani Wireless Earbuds Bluetooth Headphones 48hrs Play Back Sport Earphones with LED Display Over-Ear Buds with Earhooks Built-in Mic Headset for Workout Black",25.98,4.4,47325
"35","B9 Bluetooth Headphones Over-Ear, 60 Hours Playtime Wireless Headphones with Microphone, Hi-fi Stereo Lightweight Folding Headset, Volume Control for Travel Home Tablet PC Office (Rose Gold)",15.99,4.5,658
"36","Bluetooth Headphones, Wireless Earbuds IPX7 Waterproof Bluetooth 5.3 Headphones with 16Hrs Playtime Stereo Bass Headsets with Mic Running Headsets with Earhooks for Sports Running Workout",19.99,4.3,2405
"37","KVIDIO Bluetooth Headphones Over Ear, 65 Hours Playtime Wireless Headphones with Microphone, Foldable Lightweight Headset with Deep Bass, HiFi Stereo Sound Low Latency for Travel Work Cellphone",18.84,4.5,27815
"38","Headphones Wired with Microphone, Over Ear Foldable 3.5mm Plug in Headphones Corded with 4.9ft Tangle-Free Nylon Cord for Tablet, Laptop, MP3/4, School, Airplane Travel (Beige)",11.99,4.4,469
"39","Soundcore by Anker Q20i Hybrid Active Noise Cancelling Headphones, Wireless Over-Ear Bluetooth, 40H Long ANC Playtime, Hi-Res Audio, Big Bass, Customize via an App, Transparency Mode (White)",49.99,4.6,30620
"40","AILIHEN C8 Headphones Wired, On-Ear Headphones with Microphone and Volume Control Foldable Corded Stereo 3.5mm Headset for Smartphones Chromebook Laptop Computer PC Tablets Travel(Black/Blue)",13.99,4.4,32835
"41","18 Pack Classroom Kids Headphones Bulk for School Students Children Teen Boys Girls, Wholesale Bulk Headphones for Classroom Earphones 3.5mm Jack(Mix Colors)",29.99,4,12
"42","Avantree C171 - USB-C Wired Earbuds with Microphone & Volume Controls, Compatible with New iPhone 15 & 16, Samsung, Google & Android Type C Phones Headphones with Ear Hook for Running & Sports",22.99,4.2,3489
"43","TOZO A1 Wireless Earbuds Bluetooth 5.3 Light Weight in Ear IPX5 Waterproof Headphones 2 Mic for AI Calls, Immersive Premium Sound Bass Headset with Charging Case, 32 Presets EQ Customization via App",19.99,4.3,96248
"44","BERIBES Bluetooth Headphones Over Ear, 65H Playtime and 6 EQ Music Modes Wireless Headphones with Microphone, HiFi Stereo Foldable Lightweight Headset, Deep Bass for Home Office Cellphone PC Ect.",19.98,4.5,40687
"45","Wireless Earbuds Bluetooth Headphones, Ear Buds with Deep Bass, 40H Long Playtime, LED Power Display, IP7 in Ear Earphone with Mic for iPhone Android Phone Sports Workout, Black",199.99,4.7,462
"46","Sennheiser HD 599 - Open Headphones, Special Edition, Black, Wired",112.25,4.5,8599
"47","Boean Bluetooth Headphones, Wireless Headphones with 16 Hours Playtime Bluetooth 5.3 Wireless Earbuds HD Deep Bass Stereo Sound Isolation IPX7 Waterproof Earphones for Workout Running Sports",19.99,4.3,10192
"48","Hybrid Active Noise Cancelling Headphones, Wireless Over Ear Bluetooth Headphones, Foldable Wireless Headset, 60H Playtime, Hi-Res Audio, Deep Bass, Memory Foam Ear Cups, Perfect for Travel & Office",39.99,4.9,311
"49","USB Headset with Microphone for PC, Computer Headset with Call Answer Button for MS Teams & IP Phones, Wired Headphone with Noise Reduction Microphone, Lightweight Design for All-Day Comfort (Black)",29.99,4.4,287
"50","bmani Wireless Earbuds Bluetooth Headphones 48hrs Play Back Sport Earphones with LED Display Over-Ear Buds with Earhooks Built-in Mic Headset for Workout Black",25.98,4.4,47325
"51","KVIDIO Bluetooth Headphones Over Ear, 65 Hours Playtime Wireless Headphones with Microphone, Foldable Lightweight Headset with Deep Bass, HiFi Stereo Sound Low Latency for Travel Work Cellphone",18.84,4.5,27815
"52","OneOdio Wired Over Ear Headphones Hi-Res Studio Monitor & Mixing DJ Stereo Headsets with 50mm Drivers and 1/4 to 3.5mm Jack for AMP Computer Recording Podcast Keyboard Guitar Laptop - Black",31.99,4.4,46133
"53","Samsung Galaxy Buds FE True Wireless Bluetooth Earbuds, Comfort and Secure in Ear Fit, Auto Switch Audio, Touch Control, Built-in Voice Assistant, Graphite [US Version, 1Yr Manufacturer Warranty]",99.99,4.3,5347
"54","Soundcore by Anker Space A40 Adaptive Active Noise Cancelling Wireless Earbuds, Reduce Noise by Up to 98%, Ultra Long 50H Playtime, 10H Single Playtime, Hi-Res Sound, Comfortable Fit, Wireless Charge",44.98,4.2,17848
"55","soundcore Life Q30 by Anker, Hybrid Active Noise Cancelling Headphones with Multiple Modes, Hi-Res Sound, Custom EQ via App, 50H Playtime, Comfortable Fit, Bluetooth, Multipoint Connection",55.99,4.4,83668
"56","Sony ULT WEAR Over-Ear Noise Cancelling Bluetooth Headphones with Alexa Built-in, Comfortable Design, 30-Hour Battery, Massive Bass, Black",198,4.3,1547
"57","Avantree Ensemble - Wireless TV Headphones Compatible with TVs with Optical, AUX, or Bluetooth Audio Outputs - Comfortable Headphones for Seniors with Charging Dock & Transmitter and 35hr Playtime",109.99,4.4,13744
"58","Soundcore P30i by Anker Noise Cancelling Earbuds, Strong and Smart Noise Cancelling, Powerful Bass, 45H Playtime, 2-in-1 Case and Phone Stand, IP54, Wireless Earbuds, Bluetooth 5.4 (Green)",29.98,4.4,8084
"59","Boean Bluetooth Headphones, Wireless Headphones with 16 Hours Playtime Bluetooth 5.3 Wireless Earbuds HD Deep Bass Stereo Sound Isolation IPX7 Waterproof Earphones for Workout Running Sports",19.99,4.3,10192
"60","Wireless Earbuds 75hrs Bluetooth 5.4 Headphone Sport, 2025 Bluetooth Earbuds Stereo Deep Bass Over Ear Bud with Earhooks, ENC Noise Cancelling Mic, IPX7 Waterproof Earphone for Workout/Running",25.99,4.3,15793
"61","Wireless Earbuds, Bluetooth 5.3 Headphones Sport, In Ear buds Wireless Earbuds Bluetooth 50H Playtime LED Display, Deep Bass Stereo Noise Cancelling Headphones, IP7 Waterproof Earphones, Jet Black",22.99,4.7,443
"62","ZIHNIC Bluetooth Headphones Over-Ear, Foldable Wireless and Wired Stereo Headset Micro SD/TF, FM for Cell Phone,PC,Soft Earmuffs &Light Weight for Prolonged Wearing(Rose Gold)",19.99,4.4,82743
"63","TOZO T6 True Wireless Earbuds Bluetooth 5.3 Headphones 50H Long Playtime, Wireless Charging Case, IPX8 Waterproof Stereo Earphones, Built-in Mic Calls, Headset Premium Deep Bass 32 Preset EQs via APP",22.99,4.4,240559
"64","JLab Go Sport+ Wireless Workout Earbuds Featuring C3 Clear Calling, Secure Earhook Sport Design, 35+ Hour Bluetooth Playtime, and 3 EQ Sound Settings (Graphite)",30,4,22024
"65","Wireless Earbuds, Bluetooth 5.4 Headphones in Ear with 4 ENC Noise Cancelling Mic, New Wireless Earphones HiFi Stereo Deep Bass 40H Playtime, In-Ear Bluetooth Earbuds LED Display IP7 Waterproof, USB-C",21.99,4.6,2163
"66","Sony WI-C100 Wireless in-Ear Bluetooth Headphones with Built-in Microphone, Black",33,4.2,11447
"67","JBL Endurance Peak 3 - Dust and Water Proof (IP68) True Wireless Active Earbuds, Pure Bass Sound, Up to 50 Total Hours of Playback with Speed Charge, Ambient Aware & Talk Thru (Black)",89.95,4,3779
"68","Sony WH-1000XM6 The Best Wireless Noise Canceling Headphones, HD NC Processor QN3, 12 Microphones, Adaptive NC Optimizer, Mastered by Engineers, Studio-Quality, 30-Hour Battery, Platinum Silver",448,4.4,202
"69","Soundcore Sport X20 by Anker, True-Wireless Workout Earbuds, Rotatable and Extendable Ear Hooks, Noise Cancelling, Deep Bass, IP68 Waterproof, Sweatproof, Dustproof, 48H Play, Sport Earbuds for Gym",63.99,4.3,5854
"70","Bone Conduction Headphones,Open Ear Headphones Bluetooth5.4 with Mic,Wireless Headphones 10H Playtime, Waterproof Sport Headphone Suitable for Running,Cycling, Outdoor Sports Black",32.99,4.3,1165
"71","Wireless Earbuds Bluetooth 5.4 Headphones 75H Stereo Deep Bass Sports Over Ear Buds with Earhooks, LED Display Bluetooth Earbuds with 4 ENC Mic, IP7 Waterproof Earphone for Running, Black",21.59,4.7,578
"72","Boean Bluetooth Headphones, IPX7 Waterproof Wireless Headphones 16H Playtime Earphones Wireless Earbuds Stereo Sound Isolation Headsets for Sports, Gym, Workout",19.99,4.7,33
"73","KVIDIO Bluetooth Headphones Over Ear, 65 Hours Playtime Wireless Headphones with Microphone, Foldable Lightweight Headset with Deep Bass, HiFi Stereo Sound Low Latency for Travel Work Cellphone",18.84,4.5,27815
"74","OneOdio Wired Over Ear Headphones Hi-Res Studio Monitor & Mixing DJ Stereo Headsets with 50mm Drivers and 1/4 to 3.5mm Jack for AMP Computer Recording Podcast Keyboard Guitar Laptop - Black",31.99,4.4,46133
"75","OneOdio Wired Over Ear Headphones Hi-Res Studio Monitor & Mixing DJ Stereo Headsets with 50mm Drivers and 1/4 to 3.5mm Jack for AMP Computer Recording Podcast Keyboard Guitar Laptop - Black",31.99,4.4,46133
"76","LUDOS FEROX Wired Earbuds in-Ear Headphones, 5 Year Warranty, Earphones with Microphone, Noise Isolation Corded for 3.5mm Jack Ear Buds for iPhone, Samsung, Computer, Laptop, Kids, School Students",9.97,4.3,8284
"77","JBL Tune 670NC - Adaptive Noise Cancelling with Smart Ambient Wireless On-Ear Headphones, Up to 70H Battery Life with Speed Charge, Lightweight, Comfortable and Foldable Design (Blue)",79.95,4.5,730
"78","CXK Open Ear Headphones with Mic, Bluetooth Headset with AI Noise Cancellation Microphone Air Conduction Headphones Bluetooth 5.3 Wireless Headset with Mic for Work Call Meeting Driving",66.99,4.2,119
"79","CXK Open Ear Headphones with Mic, Bluetooth Headset with AI Noise Cancellation Microphone Air Conduction Headphones Bluetooth 5.3 Wireless Headset with Mic for Work Call Meeting Driving",66.99,4.2,119
"80","Skullcandy Crusher Evo Wireless Bluetooth Headphones with Multi-Sensory Bass and Charging Cable, Noise Isolating Over-Ear Fit, Up to 40 Hours Battery, Microphone for iPhone Android - Bone",118.99,4.7,4046
"81","OneOdio A71 Hi-Res Studio Recording Headphones - Wired Over Ear Headphones with SharePort, Monitoring Mixing Foldable Headset with Stereo Sound, 3.5/6.35MM Jack for PC Computer DJ Guitar-Black",28.03,4.4,15287
"82","KVIDIO Bluetooth Headphones Over Ear, 65 Hours Playtime Wireless Headphones with Microphone, Foldable Lightweight Headset with Deep Bass, HiFi Stereo Sound Low Latency for Travel Work Cellphone",18.84,4.5,27815
"83","Boean Bluetooth Headphones, IPX7 Waterproof Wireless Headphones 16H Playtime Earphones Wireless Earbuds Stereo Sound Isolation Headsets for Sports, Gym, Workout",19.99,4.7,33
"84","Sony WI-C100 Wireless in-Ear Bluetooth Headphones with Built-in Microphone, Black",33,4.2,11447
"85","TOZO T21 Wireless Earbuds Bluetooth 5.3 in Ear Headphones Dual Mic Call Noise Cancelling IPX8 Waterproof 44H Playback Stereo Sound with LED Display Wireless Charging Case 32 EQs via APP Black",21.99,4.3,2323
"86","Bluetooth Headphones, 150H Playtime Wireless Bluetooth Earbuds w/Mic in-Ear Magnetic Neckband Earphone, IPX7 Sweatproof Deep Bass Headset for Home, Traveling, Outdoor, Business Trips",49.99,4.3,697
"87","JBL Tune 770NC - Adaptive Noise Cancelling with Smart Ambient Wireless Over-Ear Headphones, Bluetooth 5.3, Up to 70H Battery Life with Speed Charge, Lightweight (Black) (Renewed)",66.93,4.4,105
"88","Skullcandy Hesh ANC Wireless Over-Ear Bluetooth Headphones with Charging Cable, Active Noise Cancelling, Up to 22 Hrs Battery, Foldable Lightweight Design, Microphone for iPhone Android - Preppy Sage",80.76,4.4,1910
"89","CXK Open Ear Headphones with Mic, Bluetooth Headset with AI Noise Cancellation Microphone Air Conduction Headphones Bluetooth 5.3 Wireless Headset with Mic for Work Call Meeting Driving",66.99,4.2,119
"90","Maeline Bulk Earbuds with 3.5 mm Headphone Plug - 10 Pack Wholesale Bundle - Multi Color",6.95,3.7,2417
"91","CXK Open Ear Headphones with Mic, Bluetooth Headset with AI Noise Cancellation Microphone Air Conduction Headphones Bluetooth 5.3 Wireless Headset with Mic for Work Call Meeting Driving",66.99,4.2,119
"92","CXK Open Ear Headphones with Mic, Bluetooth Headset with AI Noise Cancellation Microphone Air Conduction Headphones Bluetooth 5.3 Wireless Headset with Mic for Work Call Meeting Driving",66.99,4.2,119
"93","OneOdio Wired Over Ear Headphones Hi-Res Studio Monitor & Mixing DJ Stereo Headsets with 50mm Drivers and 1/4 to 3.5mm Jack for AMP Computer Recording Podcast Keyboard Guitar Laptop - Black",31.99,4.4,46133
"94","Skullcandy Crusher Evo Wireless Bluetooth Headphones with Multi-Sensory Bass and Charging Cable, Noise Isolating Over-Ear Fit, Up to 40 Hours Battery, Microphone for iPhone Android - Bone",118.99,4.7,4046
"95","OneOdio A71 Hi-Res Studio Recording Headphones - Wired Over Ear Headphones with SharePort, Monitoring Mixing Foldable Headset with Stereo Sound, 3.5/6.35MM Jack for PC Computer DJ Guitar-Black",28.03,4.4,15287
"96","KVIDIO Bluetooth Headphones Over Ear, 65 Hours Playtime Wireless Headphones with Microphone, Foldable Lightweight Headset with Deep Bass, HiFi Stereo Sound Low Latency for Travel Work Cellphone",18.84,4.5,27815
"97","TOZO T6 True Wireless Earbuds Bluetooth 5.3 Headphones 50H Long Playtime, Wireless Charging Case, IPX8 Waterproof Stereo Earphones, Built-in Mic Calls, Headset Premium Deep Bass 32 Preset EQs via APP",22.99,4.4,240559
"98","Kids Headphones Bulk 5 Pack, Student On Ear Color Varieties, Comfy Swivel Earphones for Classroom, Library, School, Airplane, for Online Learning and Travel, Noise Stereo Sound 3.5mm Jack (Colorful)",38.97,4.5,3025
"99","Logitech G733 Lightspeed Wireless Gaming Headset, Suspension Headband, Lightsync RGB, Blue VO!CE Mic, PRO-G Audio – Black, Gaming Headset Wireless, PC, PS5, PS4, Switch Compatible",127.9,4.4,17770
"100","Raycon The Everyday Wireless Bluetooth Over Ear Headphones, with Active Noise Cancelling, Awareness Mode and Built in Microphone, IPX 4 Water Resistance, 40 Hours of Battery Life (Black)",99.99,4.5,3417
"101","BERIBES Upgraded Hybrid Active Noise Cancelling Headphones with Transparent Modes,70H Playtime Bluetooth Headphones Wireless Bluetooth with Mic, Deep Bass,3.5MM Cable,Soft-Earpads,Fast Charging-Black",26.99,4.4,4614
"102","JBL Live 770NC - Wireless Over-Ear Headphones with True Adaptive Noise Cancelling with Smart Ambient, Up to 65 Hours of Battery Life, Comfort-fit Fabric Headband & Carrying Pouch (Blue)",149.95,4.5,978
"103","Soundcore by Anker Space A40 Adaptive Active Noise Cancelling Wireless Earbuds, Reduce Noise by Up to 98%, Ultra Long 50H Playtime, 10H Single Playtime, Hi-Res Sound, Comfortable Fit, Wireless Charge",44.98,4.2,17848
"104","TOZO Bluetooth 5.4 Over Ear Headphones, ENC Call Noise Cancelling Mic, Foldable Wireless Headset, 70H Playback, Deep Bass Stereo Sound, Customizable EQ via Button & App, for Travel and Home, Upgraded",22.93,4.5,698
"105","AC01 Over-Ear Headphones Wired, Noise Isolating Corded Stereo Headsets with Microphone Volume Control for Adults Teens 3.5mm for Chromebooks, Laptop, Computer, Tablets, Travel (Black Blue)",25.49,4.4,1346
"106","ZIHNIC Bluetooth Headphones Over-Ear, Foldable Wireless and Wired Stereo Headset Micro SD/TF, FM for Cell Phone,PC,Soft Earmuffs &Light Weight for Prolonged Wearing(Rose Gold)",19.99,4.4,82743
"107","Boean Bluetooth Headphones, IPX7 Waterproof Wireless Headphones 16H Playtime Earphones Wireless Earbuds Stereo Sound Isolation Headsets for Sports, Gym, Workout",19.99,4.7,33
"108","OneOdio Wired Over Ear Headphones Hi-Res Studio Monitor & Mixing DJ Stereo Headsets with 50mm Drivers and 1/4 to 3.5mm Jack for AMP Computer Recording Podcast Keyboard Guitar Laptop - Black",31.99,4.4,46133
"109","Samson SR850 Professional Semi-Open Studio Reference Monitoring Headphones",34.94,4.5,7536
"110","Wireless Earbuds 75hrs Bluetooth 5.4 Headphone Sport, 2025 Bluetooth Earbuds Stereo Deep Bass Over Ear Bud with Earhooks, ENC Noise Cancelling Mic, IPX7 Waterproof Earphone for Workout/Running",25.99,4.3,15793
"111","TOZO T6 True Wireless Earbuds Bluetooth 5.3 Headphones 50H Long Playtime, Wireless Charging Case, IPX8 Waterproof Stereo Earphones, Built-in Mic Calls, Headset Premium Deep Bass 32 Preset EQs via APP",22.99,4.4,240559
"112","Audio-Technica ATH-M30x Professional Studio Monitor Headphones, Black",79,4.6,11930
"113","Soundcore by Anker Space A40 Adaptive Active Noise Cancelling Wireless Earbuds, Reduce Noise by Up to 98%, Ultra Long 50H Playtime, 10H Single Playtime, Hi-Res Sound, Comfortable Fit, Wireless Charge",44.98,4.2,17848
"114","TOZO Bluetooth 5.4 Over Ear Headphones, ENC Call Noise Cancelling Mic, Foldable Wireless Headset, 70H Playback, Deep Bass Stereo Sound, Customizable EQ via Button & App, for Travel and Home, Upgraded",22.93,4.5,698
"115","Audio-Technica ATH-M40x Professional Studio Monitor Headphone, Black (AUD ATHM40X)",109,4.6,16055
"116","Kids Headphones Bulk 5 Pack, Student On Ear Color Varieties, Comfy Swivel Earphones for Classroom, Library, School, Airplane, for Online Learning and Travel, Noise Stereo Sound 3.5mm Jack (Colorful)",38.97,4.5,3025
"117","Skullcandy Crusher Evo Wireless Bluetooth Headphones with Multi-Sensory Bass and Charging Cable, Noise Isolating Over-Ear Fit, Up to 40 Hours Battery, Microphone for iPhone Android - Chill Grey",129.88,4.7,4046
"118","Earbuds Wired with Microphone Pack of 6, in-Ear Headphones,Noise Isolating,Powerful Heavy Bass, Earphones Compatible with iPhone, iPod, iPad, MP3, Samsung, and Most 3.5mm Jack (Black)",10.69,4.2,228
"119","Logitech G733 Lightspeed Wireless Gaming Headset, Suspension Headband, Lightsync RGB, Blue VO!CE Mic, PRO-G Audio – Black, Gaming Headset Wireless, PC, PS5, PS4, Switch Compatible",127.9,4.4,17770
"120","Skullcandy Hesh ANC Wireless Over-Ear Bluetooth Headphones with Charging Cable, Active Noise Cancelling, Up to 22 Hrs Battery, Foldable Lightweight Design, Microphone for iPhone Android - Preppy Sage",80.76,4.4,1910
"121","Bluetooth Headphones, 150H Playtime Wireless Bluetooth Earbuds w/Mic in-Ear Magnetic Neckband Earphone, IPX7 Sweatproof Deep Bass Headset for Home, Traveling, Outdoor, Business Trips",49.99,4.3,697
"122","Sony Wireless Bluetooth Headphones - Up to 50 Hours Battery Life with Quick Charge Function, On-Ear Model - WH-CH520C.CE7 - Limited Edition - Cappuccino/Beige",49.89,4.4,29562
"123","Sony WH-CH720NB Noise Canceling Wireless Bluetooth Headphones - Built-in Microphone - up to 35 Hours Battery Life and Quick Charge - Black - International Version",98,4.4,934
"124","QCY H3 ANC Bluetooth Headphones Over Ear, Active Noise Cancelling Bluetooth 5.4 Headphones with Microphones, Hi-Res Audio Sound, Multipoint Connection, 60H Playback, Custom EQ via App(Black)",49.99,4.6,4155
"125","Koss KSC75 Portable On-Ear Clip Headphones, Retro Style, Ultra Lightweight, Silver and Black",19.99,4.3,8517
"126","kurdene Wireless Earbuds Bluetooth 5.3 in Ear Buds Light Weight Headphones,Deep Bass Sound,Built in Mics Headset,Clear Calls Earphones for Sports Workout",9.99,4.2,62998
"127","KVIDIO Bluetooth Headphones Over Ear, 65 Hours Playtime Wireless Headphones with Microphone, Foldable Lightweight Headset with Deep Bass, HiFi Stereo Sound Low Latency for Travel Work Cellphone",18.84,4.5,27815
"128","AC01 Over-Ear Headphones Wired, Noise Isolating Corded Stereo Headsets with Microphone Volume Control for Adults Teens 3.5mm for Chromebooks, Laptop, Computer, Tablets, Travel (Black Blue)",25.49,4.4,1346
